Iteration,L1_loss,Feature_loss,MS_SSIM,Iter_LR
100,0.07717039436101913,-1,0.27012598514556885,0.0001
