PSNR,SSIM,Colorfulness_pred,Colorfulness_gt
15.085028155870342,0.12571651635614414,0,0
18.288756680680333,0.14567303751643512,0,0
