Iteration,L1_loss,Feature_loss,MS_SSIM,Iter_LR
100,0.086166150867939,-1,0.14294004440307617,0.0001
