PSNR,SSIM,Colorfulness_pred,Colorfulness_gt
9.921540445095177,0.06822364256280167,0,0
19.784137506477702,0.3802995815047255,0,0
